video_id,video_title,publish_time,viewCount,likeCount,commentCount,duration
GZGY0wPAnus,The art of misdirection | Apollo Robbins,2013-09-13,24547289,488261,12537,0 days 00:08:48
R1vskiVDwl4,Celeste Headlee: 10 ways to have a better conversation | TED,2016-03-08,12098006,314648,5119,0 days 00:11:45
SFnMTHhKdkw,Every kid needs a champion | Rita Pierson,2013-05-03,5167635,64830,1304,0 days 00:07:49
iCvmsMzlF7o,The power of vulnerability | Brené Brown,2011-01-03,16807075,269657,5247,0 days 00:20:50
cXbXNV9-ZAg,My love letter to cosplay | Adam Savage,2016-08-23,1816721,103538,2165,0 days 00:13:08
SjSHVDfXHQ4,The magic of Fibonacci numbers | Arthur Benjamin,2013-11-08,4835544,99785,3160,0 days 00:06:25
eIho2S0ZahI,How to speak so that people want to listen | Julian Treasure,2014-06-27,32351403,626119,9202,0 days 00:09:59
-moW9jvvMr4,A simple way to break a bad habit | Judson Brewer,2016-02-24,10724977,203291,4459,0 days 00:09:25
sa1iS1MqUy4,&quot;To This Day&quot; ... for the bullied and beautiful | Shane Koyczan,2013-03-08,3782028,102108,4204,0 days 00:12:04
n3kNlFMXslo,How to gain control of your free time | Laura Vanderkam,2017-02-07,6811789,154334,2178,0 days 00:11:55
ON4iy8hq2hM,The difference between healthy and unhealthy love | Katie Hood,2019-06-11,3370019,99398,2071,0 days 00:12:14
6ibCtsHgz3Y,How books can open your mind | Lisa Bu,2013-05-31,2738409,92756,1313,0 days 00:06:17
xsEJ6GeAGb0,What&#39;s normal anxiety -- and what&#39;s an anxiety disorder? | Body Stuff with Dr. Jen Gunter,2021-07-01,1063105,51662,1163,0 days 00:05:11
EzZzZ_qpZ4w,A guerilla gardener in South Central LA | Ron Finley,2013-03-06,1302080,34506,1833,0 days 00:10:46
lmyZMtPVodo,Why good leaders make you feel safe | Simon Sinek,2014-05-19,6871403,109704,1875,0 days 00:12:00
IRVdiHu1VCc,Learning from dirty jobs | Mike Rowe,2009-03-05,6965121,140005,5946,0 days 00:20:03
QijH4UAqGD8,Get comfortable with being uncomfortable | Luvvie Ajayi Jones,2018-01-02,3140218,123338,2100,0 days 00:10:55
xMj_P_6H69g,The art of asking | Amanda Palmer,2013-03-01,6006594,103050,4032,0 days 00:13:48
Zo62S0ulqhA,What I learned from going blind in space | Chris Hadfield,2014-03-19,9049755,255268,11773,0 days 00:18:23
YrZTho_o_is,Embrace the Shake | Phil Hansen | TED Talks,2013-05-21,541566,8570,297,0 days 00:10:02
u1K6hnm09xs,Making peace is a marathon | May El-Khalil,2013-08-16,4042148,1759,145,0 days 00:10:17
aISXCw0Pi94,Molly Wright: How every child can thrive by five | TED,2021-08-09,2011629,103141,0,0 days 00:07:43
5J6jAC6XxAI,Why you should define your fears instead of your goals | Tim Ferriss,2017-07-14,3298348,110475,1461,0 days 00:13:22
0R9zjn9BBvA,You are fluent in this language (and don&#39;t even know it) | Christoph Niemann,2018-08-22,1585671,59905,1450,0 days 00:12:43
_Il70mlj38o,Malcolm London: &quot;High School Training Ground&quot;,2013-05-08,235282,3484,97,0 days 00:03:01
8COaMKbNrX0,"Are athletes really getting faster, better, stronger? | David Epstein",2014-04-29,6653307,135705,5887,0 days 00:14:54
cTIUiN6inIQ,"How to make faster decisions | The Way We Work, a TED series",2020-02-10,343373,7899,143,0 days 00:05:08
P2AUat93a8Q,Rethinking infidelity ... a talk for anyone who has ever loved | Esther Perel,2015-05-21,11508379,191343,10738,0 days 00:21:31
KM4Xe6Dlp0Y,"Looks aren&#39;t everything. Believe me, I&#39;m a model. | Cameron Russell",2013-01-16,28150094,478252,25650,0 days 00:09:38
PYJ22-YYNW8,"This is what makes employees happy at work | The Way We Work, a TED series",2019-02-09,538794,8922,171,0 days 00:04:10
flb_S5JJC4k,What it was like to grow up under China&#39;s one-child policy | Nanfu Wang,2019-09-10,924198,31300,1992,0 days 00:05:57
knJWF4km3y0,"How much sleep do you really need? | Sleeping with Science, a TED series",2020-09-02,418251,13579,599,0 days 00:02:55
qp0HIF3SfI4,How great leaders inspire action | Simon Sinek,2010-05-04,15309486,203013,4074,0 days 00:18:35
DESCcjSQSKY,A cleanse won&#39;t detox your body -- but here&#39;s what will | Body Stuff with Dr. Jen Gunter,2021-07-08,1984085,65963,2076,0 days 00:04:43
8GQZuzIdeQQ,How to make hard choices | Ruth Chang,2014-06-18,1441587,29736,1037,0 days 00:14:42
Ks-_Mh1QhMc,Your body language may shape who you are | Amy Cuddy,2012-10-01,20623474,319287,8956,0 days 00:21:03
_vS_b7cJn2A,"Tom Wujec: Got a wicked problem? First, tell me how you make toast",2015-02-05,729872,8361,162,0 days 00:09:06
v19OlWvdUSg,"A skateboard, with a boost | Sanjay Dastoor",2013-04-02,558081,5202,1015,0 days 00:04:21
D9Ihs241zeg,The danger of a single story | Chimamanda Ngozi Adichie,2009-10-07,9737463,190648,8650,0 days 00:19:17
r9LCwI5iErE,The transformative power of classical music | Benjamin Zander,2008-06-27,6744080,173374,6160,0 days 00:20:44
P9-fJI0iZv4,"How daylight saving time affects our bodies, minds -- and world | Sleeping with Science",2021-11-03,129593,4393,335,0 days 00:01:31
xYemnKEKx0c,Strange answers to the psychopath test | Jon Ronson,2012-08-15,22985507,443926,23557,0 days 00:18:02
EtZQT3avFaY,"5 ways to create stronger connections | The Way We Work, a TED series",2020-02-10,154806,2752,34,0 days 00:03:07
UyyjU8fzEYU,My stroke of insight | Jill Bolte Taylor,2008-03-13,7297569,74409,5219,0 days 00:20:12
sa0RUmGTCYY,The secret to desire in a long-term relationship | Esther Perel,2013-02-14,5733750,101926,2040,0 days 00:19:11
5MuIMqhT8DM,Sleep is your superpower | Matt Walker,2019-06-03,7149906,200369,7543,0 days 00:19:19
GZadCj8O1-0,The $8 billion iPod | Rob Reid,2012-03-15,940977,16577,834,0 days 00:05:12
jQ95xlZeHo8,How autism freed me to be myself | Rosie King,2014-11-21,702485,12417,1303,0 days 00:06:13
Pl8OlkkwRpc,How the blockchain is changing money and business | Don Tapscott,2016-09-16,4189919,71726,21028,0 days 00:18:50
IBf9pXOmpFw,"Why the pencil is perfect | Small Thing Big Idea, a TED series",2018-11-03,518054,16557,692,0 days 00:03:40
GfF2e0vyGM4,The strongest predictor for success | Angela Lee Duckworth,2021-04-30,407833,15009,744,0 days 00:03:09
YKACzIrog24,How to get better at the things you care about | Eduardo Briceño,2017-02-23,479205,13295,294,0 days 00:11:23
54ST8bwOVyc,&quot;A Bird Made of Birds&quot; | Sarah Kay,2019-07-23,201347,9571,257,0 days 00:04:54
nzj7Wg4DAbs,Why humans run the world | Yuval Noah Harari,2015-07-24,2969110,82410,3882,0 days 00:17:09
N6wjC0sxD2o,Design for All 5 Senses | Jinsop Lee | TED Talks,2013-08-06,465272,11681,418,0 days 00:09:04
x6fIseKzzH0,"Why working from home is good for business | The Way We Work, a TED series",2019-02-09,307198,4687,160,0 days 00:04:39
qAC-5hTK-4c,How your brain&#39;s executive function works -- and how to improve it | Sabine Doebel,2019-05-30,238557,5858,298,0 days 00:09:16
CfqO1U6lfDs,"Ed Yong: Suicidal wasps, zombie roaches and other parasite tales",2014-03-26,271471,7024,336,0 days 00:13:15
PZr142ka96k,"3 steps to stop remote work burnout | The Way We Work, a TED series",2020-11-02,199264,3911,152,0 days 00:04:10
LZAi7DlVN2g,Faith Jegede: What I&#39;ve learned from my autistic brothers,2012-11-02,102682,1747,111,0 days 00:05:21
Y0vRupFPw90,"How a dragonfly&#39;s brain is designed to kill | DIY Neuroscience, a TED series",2018-09-15,799714,19557,1398,0 days 00:05:18
6TyIY6u31gk,"Hacking your memory -- with sleep | Sleeping with Science, a TED series",2020-09-02,261278,9716,283,0 days 00:04:43
f-yWJoJltoo,What is melatonin -- and should you take it to fall asleep? | Sleeping with Science,2021-12-01,92374,3478,191,0 days 00:02:21
iB4MS1hsWXU,The lies our culture tells us about what matters --- and a better way to live | David Brooks,2019-07-03,1941508,39806,2586,0 days 00:14:55
twG4mr6Jov0,What you can do to prevent Alzheimer&#39;s | Lisa Genova,2017-05-19,2300215,39666,2383,0 days 00:13:57
bfGQpe6FQcw,The keys to a great conversation | Celeste Headlee,2021-05-07,147638,6876,111,0 days 00:03:13
sSOBk0v0viM,"How to embrace emotions at work | The Way We Work, a TED series",2020-02-10,154059,2578,72,0 days 00:04:36
rvkMauaHxBw,David Sengeh: The sore problem of prosthetic limbs,2014-04-10,86678,1494,57,0 days 00:04:44
Zu1kaPLt66E,The money talk that every couple needs to have | Your Money and Your Mind,2021-02-03,195826,5188,247,0 days 00:03:15
m5HQamrXlSY,What almost dying taught me about living | Suleika Jaouad,2019-07-18,367940,8643,298,0 days 00:17:24
lhP52caGW6s,Gavin Pretor-Pinney: Cloudy with a chance of joy,2013-07-16,110423,1914,118,0 days 00:10:55
SiDMd-b-R2g,"How sleep can improve your immunity | Sleeping with Science, a TED series",2020-09-02,101943,2403,43,0 days 00:02:18
DhnBn_c9f8Q,Small rockets are the next space revolution | Peter Beck,2019-12-09,155868,4955,342,0 days 00:11:33
DTcJmIbn5nw,&quot;Everything happens for a reason&quot; -- and other lies I&#39;ve loved | Kate Bowler,2019-07-02,3755009,95746,2721,0 days 00:14:50
pvBlSFVmoaw,Electrical experiments with plants that count and communicate | Greg Gage,2017-11-01,2950220,96938,4241,0 days 00:09:31
Zfneete-ZHY,"How surfboards connect us to nature | Small Thing Big Idea, a TED series",2020-02-11,166411,3295,76,0 days 00:03:37
X65jxnKiJpM,Robert A. Belle: The emotions behind your money habits | TED,2021-07-28,130710,5261,150,0 days 00:08:48
PX61e3sAj5k,The little risks you can take to increase your luck | Tina Seelig,2018-08-28,312062,8395,290,0 days 00:11:40
Mp3Msfw90BE,"5 tips for dealing with meeting overload | The Way We Work, a TED series",2021-10-11,82699,2380,137,0 days 00:05:09
yyVMZHjaY40,"Why pasta comes in all shapes and sizes | Small Thing Big Idea, a TED series",2019-12-10,176188,4175,205,0 days 00:03:37
k9dz4ydxmtM,How long does it take to get over a breakup? | Am I Normal? with Mona Chalabi,2021-10-19,91793,3005,351,0 days 00:03:36
Xe2nlti47kA,"Linda Cliatt-Wayman: How to fix a broken school? Lead fearlessly, love hard",2015-06-05,370756,6378,315,0 days 00:17:08
P_6vDLq64gE,How to spot a liar | Pamela Meyer,2011-10-13,21849106,218381,15635,0 days 00:18:51
1mLQFm3wEfw,3 ways to make better decisions -- by thinking like a computer | Tom Griffiths,2018-10-05,869239,13868,259,0 days 00:11:48
tFX1nQLZUVM,"Kenneth Shinozuka: My simple invention, designed to keep my grandfather safe",2015-02-12,175359,2470,161,0 days 00:05:51
vMQlj9TZQfE,"Erika Cheung: Theranos, whistleblowing and speaking truth to power | TED",2020-11-26,389711,9076,1079,0 days 00:16:51
nCwwVjPNloY,My journey from Marine to actor | Adam Driver,2016-06-21,10377655,308720,9416,0 days 00:18:03
Y_9vd4HWlVA,Imaging at a trillion frames per second | Ramesh Raskar,2012-07-26,3159973,52770,3323,0 days 00:11:02
1BXYSGepx7Q,What you need to know about CRISPR | Ellen Jorgensen,2016-10-24,821784,13257,810,0 days 00:09:54
_qgSz1UmcBM,How Quantum Biology Might Explain Life’s Biggest Questions | Jim Al-Khalili | TED Talks,2015-09-16,980294,19285,1201,0 days 00:16:10
MD23gIlr52Y,Diébédo Francis Kéré: How to build with clay... and community,2013-12-10,168759,4072,110,0 days 00:12:12
C0byYFXjRJM,Rives: The Museum of Four in the Morning,2014-05-16,261912,4727,329,0 days 00:14:05
6diqpGKOvic,Can you really tell if a kid is lying? | Kang Lee,2016-06-08,10210512,247494,18872,0 days 00:13:37
Kxg0_EpOcWs,"The Chinese zodiac, explained | ShaoLan",2016-06-30,1174104,20657,1956,0 days 00:06:05
kFMZrEABdw4,Bring on the learning revolution! | Ken Robinson,2015-09-15,532094,9630,364,0 days 00:17:55
z9jXW9r1xr8,Are indoor vertical farms the future of agriculture? | Stuart Oda,2020-02-07,407918,12411,634,0 days 00:09:58
GRfudKFLAmI,The genius behind some of the world&#39;s most famous buildings | Renzo Piano,2018-07-13,690993,18435,357,0 days 00:15:04
3p3-vl9VFYU,Suzanne Lee: Grow your own clothes,2011-05-06,242952,4978,449,0 days 00:06:41
H3TF-hI7zKc,How sampling transformed music | Mark Ronson,2014-05-09,3339658,58382,2778,0 days 00:16:55
Sm5xF-UYgdg,How not to be ignorant about the world | Hans and Ola Rosling,2014-09-11,2681843,43462,1819,0 days 00:19:10
9-5SMpg7Q0k,3 secrets of resilient people | Lucy Hone,2020-07-06,401330,12911,474,0 days 00:16:06
6G3UIrqiFLw,"What&#39;s the connection between sleep and Alzheimer&#39;s disease? | Sleeping with Science, a TED series",2020-09-02,118034,2820,86,0 days 00:05:08
F23ak31YnTI,Why every student deserves a champion | Rita Pierson,2021-05-14,79563,2691,95,0 days 00:02:50
B4xOFsygwr4,Adam Spencer: Why I fell in love with monster prime numbers,2013-09-03,276238,5000,330,0 days 00:17:17
RCXGpEmFbOw,Meet the dazzling flying machines of the future | Raffaello D&#39;Andrea,2016-03-11,8370308,130912,5597,0 days 00:11:36
hLltkC-G5dY,The playful wonderland behind great inventions | Steven Johnson,2016-12-09,116026,2886,107,0 days 00:07:26
p5IuRLOer6E,Wendy MacNaughton: The art of paying attention | TED,2021-11-19,157566,5117,165,0 days 00:13:24
RPicL1AWrs8,Paul Bloom: The origins of pleasure,2011-07-27,177144,4076,183,0 days 00:16:18
Uq1idqpX9-A,A pro wrestler&#39;s guide to confidence | Mike Kinney,2017-11-13,131024,3162,99,0 days 00:13:28
4EUAMe2ixCI,Dan Barber: How I fell in love with a fish,2010-03-10,299767,4143,293,0 days 00:19:31
tYclUdcsdeo,"Peter Norvig: The 100,000-student classroom",2012-06-18,90169,1163,75,0 days 00:06:12
UtBsl3j0YRQ,Want to be happy? Be grateful | David Steindl-Rast,2013-11-27,3030016,42760,1656,0 days 00:14:31
eKkI6-HeWXo,Max Hawkins: I let algorithms randomize my life for two years | TED,2021-03-13,225420,10023,549,0 days 00:11:50
BFZtNN6eNvQ,Julia Dhar: How to have constructive conversations | TED,2021-04-08,276303,6998,253,0 days 00:10:41
es4w3WUcrN0,This app makes it fun to pick up litter | Jeff Kirschner,2017-03-22,124118,4250,254,0 days 00:06:11
t9c7aheZxls,Your kids might live on Mars. Here&#39;s how they&#39;ll survive | Stephen Petranek,2016-05-05,5537934,95886,18351,0 days 00:17:15
7hQ0rgVfsP8,Daria van den Bercken: Why I take the piano on the road … and in the air,2014-10-03,113127,1324,78,0 days 00:09:35
CS01Hmjv1pQ,"Ralph Langner: Cracking Stuxnet, a 21st-century cyber weapon",2011-03-29,275901,2919,359,0 days 00:10:41
2m9kC1yRnLQ,Michel Laberge: How synchronized hammer strikes could generate nuclear fusion,2014-04-22,322223,6554,545,0 days 00:12:51
Ra-lxoAUP5c,Tales of ice-bound wonderlands | Paul Nicklen,2011-05-11,257246,4847,251,0 days 00:17:56
Un2yBgIAxYs,How trees talk to each other | Suzanne Simard,2016-08-30,1887240,43029,2117,0 days 00:18:25
UHkEbemburs,"Tiny satellites that photograph the entire planet, every day | Will Marshall",2014-11-18,207861,4382,352,0 days 00:08:06
7gXq1ml6B1E,Leather and meat without killing animals | Andras Forgacs,2013-09-19,256382,5505,857,0 days 00:09:03
1ALfKWG2nmw,Sarah Ellis and Helen Tupper: The best career path isn&#39;t always a straight line | TED,2021-06-11,134959,4873,209,0 days 00:09:32
yjYrxcGSWX4,A powerful way to unleash your natural creativity | Tim Harford,2019-02-07,416242,13728,488,0 days 00:17:22
17D5SrgBE6g,How we experience awe -- and why it matters | Beau Lotto and Cirque du Soleil,2019-11-18,87579,2972,146,0 days 00:14:49
Rk5C149J9C0,Why you procrastinate -- and how to still get things done | Tim Urban,2021-07-17,152305,5515,280,0 days 00:03:51
6pSMgmL7vF0,"A new type of medicine, custom-made with tiny proteins | Christopher Bahl",2020-02-19,76589,2264,93,0 days 00:04:42
Qhomjw2P-V0,What really motivates people to be honest in business | Alexander Wagner,2017-09-26,174464,2441,140,0 days 00:13:29
C74amJRp730,How a handful of tech companies control billions of minds every day | Tristan Harris,2017-07-28,769399,19914,864,0 days 00:17:01
u9Lu85L111Y,"A lyrical bridge between past, present and future | David Whyte",2017-09-08,137707,2703,108,0 days 00:20:16
TdBAHexVYzc,How CRISPR lets us edit our DNA | Jennifer Doudna,2015-11-12,1448543,27092,2542,0 days 00:15:54
wJttdkKo4nM,Kary Mullis&#39; next-gen cure for killer infection,2009-07-09,113420,2403,489,0 days 00:05:09
y5nbWUOc9tY,Julian Treasure: Why architects need to use their ears,2012-09-18,158948,2927,148,0 days 00:09:52
B905LapVP7I,Why jobs of the future won&#39;t feel like work | David Lee,2017-11-03,164558,3835,181,0 days 00:10:07
jMVAgCPYYHY,What the discovery of gravitational waves means | Allan Adams,2016-03-10,738343,10683,1138,0 days 00:10:59
xP3-W546HYs,Erik Schlangen: A &quot;self-healing&quot; asphalt,2013-02-12,158673,1498,193,0 days 00:06:51
6-tqiaPoS2U,The first 21 days of a bee’s life | Anand Varma,2015-05-11,905927,5612,264,0 days 00:06:07
iFkCMeEhs0Y,Simon Sinek: How to discover your &quot;why&quot; in difficult times | TED,2021-05-28,262213,8344,275,0 days 00:15:44
8Sl28fkrozE,10 years to transform the future of humanity -- or destabilize the planet | Johan Rockström,2020-10-15,187395,8915,896,0 days 00:07:46
kiUnJ1d8vvw,"Jay Silver: Hack a banana, make a keyboard!",2013-05-16,212542,4256,217,0 days 00:13:16
tzJYY2p0QIc,The neuroscience of restorative justice | Dan Reisel,2014-03-18,176542,2213,145,0 days 00:14:36
ttcJMNlKif4,An ingenious proposal for scaling up marine protection | The Nature Conservancy,2019-06-07,111422,4987,200,0 days 00:05:20
DAk-9LvYU1Q,What you need to know about face surveillance | Kade Crockford,2020-05-29,133996,4734,332,0 days 00:12:50
Zd71719_G8Y,Neil Burgess: How your brain tells you where you are,2012-02-06,112620,1334,114,0 days 00:09:04
4q1_iQkppSs,Meg Jay: Essential questions to ask your future self | TED,2021-07-12,133352,4906,162,0 days 00:10:21
FawSxPJsloQ,Why is 1.5 degrees such a big deal? | Kristen Bell + Giant Ant,2020-10-13,83260,2427,159,0 days 00:01:07
Is1YUQVYkvY,How to be &quot;Team Human&quot; in the digital future | Douglas Rushkoff,2019-01-14,100703,3426,199,0 days 00:12:24
gi6rMXu_veE,You are not alone in your loneliness | Jonny Sun,2019-07-26,359136,10791,459,0 days 00:10:37
m19jit19v9w,Sloths! The strange life of the world&#39;s slowest mammal | Lucy Cooke,2019-06-18,106254,4448,187,0 days 00:14:12
9B5Z-7ELMO8,A practical way to help the homeless find work and safety | Richard J. Berry,2017-09-01,110029,4406,356,0 days 00:12:22
eAKzT6_ES8w,Does photographing a moment steal the experience from you? | Erin Sullivan,2020-02-14,125450,4806,236,0 days 00:08:24
8T_jwq9ph8k,Why people believe weird things | Michael Shermer,2008-04-15,2526500,36549,6368,0 days 00:14:12
sxnlvwprf_c,Abraham Verghese: A doctor&#39;s touch,2011-09-26,342900,4975,184,0 days 00:18:33
yJX1Te0jey0,The global movement to restore nature&#39;s biodiversity | Thomas Crowther,2020-10-17,199938,9788,543,0 days 00:11:37
h-TIRIxhq6E,How to ask for help -- and get a &quot;yes&quot; | Heidi Grant,2019-07-25,125241,3533,144,0 days 00:11:54
8lXYZ6s3Dfk,Louie Schwartzberg: Nature. Beauty. Gratitude.,2014-04-18,254956,4732,109,0 days 00:09:48
OrB9JBEk1ds,Why we choke under pressure -- and how to avoid it | Sian Leah Beilock,2018-10-09,222425,5064,244,0 days 00:15:14
dDZoGcQVjJg,A one-man musical phenomenon | Jacob Collier,2018-02-07,959750,31944,1619,0 days 00:15:15
ppfONdsOkWI,3 steps to turn everyday get-togethers into transformative gatherings | Priya Parker,2019-07-15,107353,2761,101,0 days 00:10:18
SEr-Lcue5P4,"The beautiful, hard work of co-parenting | Joel Leon",2020-03-13,88764,2029,100,0 days 00:09:26
ajGgd9Ld-Wc,How AI can save our humanity | Kai-Fu Lee,2018-08-27,812371,22630,1888,0 days 00:14:50
0nI65jgHG9o,Chip Kidd: The art of first impressions — in design and life,2015-06-23,370518,9513,221,0 days 00:18:54
BltRufe5kkI,Abundance is our future | Peter Diamandis,2012-03-01,461205,7136,969,0 days 00:16:15
16cM-RFid9U,How Airbnb designs for trust | Joe Gebbia,2016-04-05,432554,8189,337,0 days 00:16:01
OEydHbngSz0,You don&#39;t have to be an expert to solve big problems | Tapiwa Chiwewe,2018-03-16,136153,2781,106,0 days 00:08:38
hPsUXhXgWmI,Michael Sandel: The lost art of democratic debate,2010-06-08,452294,8927,433,0 days 00:22:15
h9deGh8_tEc,The boost students need to overcome obstacles | Anindya Kundu,2017-10-11,144869,2505,76,0 days 00:07:06
A2DzsgJSwcc,The mysterious microbes living deep inside the earth -- and how they could help humanity | K. Lloyd,2019-07-12,108751,4028,251,0 days 00:14:00
4E_1AB1rsSw,How tech companies deceive you into giving up your data and privacy | Finn Lützow-Holm Myrstad,2018-11-21,121086,3352,225,0 days 00:12:13
oy25A7vnigg,Sting: How I started writing songs again,2014-05-30,947848,17016,1238,0 days 00:23:16
slzuVj5YEms,How can we control the coronavirus pandemic? | Adam Kucharski,2020-03-16,271015,3334,329,0 days 00:03:38
bfAzi6D5FpM,The way we think about charity is dead wrong | Dan Pallotta,2013-03-11,872887,14867,1313,0 days 00:18:55
rJmwZhy9Suk,The discoveries awaiting us in the ocean&#39;s twilight zone | Heidi M. Sosik,2018-07-02,100830,2558,125,0 days 00:10:02
0QVXdEOiCw8,Building a dinosaur from a chicken | Jack Horner,2011-06-07,1160051,17852,2820,0 days 00:16:37
BQj2Z_GPsY8,How we explore unanswered questions in physics | James Beacham,2017-01-20,102518,3004,234,0 days 00:15:55
2_lBiFZ85d0,The world&#39;s largest family reunion ... we&#39;re all invited! | A.J. Jacobs,2014-06-13,97239,1391,76,0 days 00:09:46
0ITuQcoLXeE,24 hours on Earth -- in one image | Stephen Wilkes,2020-11-04,99357,3893,140,0 days 00:02:44
HzAtOyw6ACw,What reading slowly taught me about writing | Jacqueline Woodson,2019-10-08,202618,6036,259,0 days 00:10:55
qsJYrwzfd6w,"Juliana Rotich: Meet BRCK, Internet access built for Africa",2013-06-18,65852,832,108,0 days 00:09:34
4cJ08wOqloc,Alex Laskey: How behavioral science can lower your energy bill,2013-06-04,115484,1829,142,0 days 00:08:12
lfBpsV1Hwqs,The game that can give you 10 extra years of life | Jane McGonigal,2012-07-09,1057858,17278,1297,0 days 00:19:31
2ch5FJAqLMk,How we could teach our bodies to heal faster | Kaitlyn Sadtler,2018-10-11,150714,3093,196,0 days 00:04:58
ewNTwBbLUhM,Why noise is bad for your health -- and what you can do about it | Mathias Basner,2019-02-26,133707,3369,319,0 days 00:10:05
RplnSVTzvnU,How the blockchain will radically transform the economy | Bettina Warburg,2016-12-08,2238491,32626,5602,0 days 00:14:58
r-YXvkWLy-g,A teen scientist&#39;s invention to help wounds heal | Anushka Naiknaware,2018-06-19,240585,10438,471,0 days 00:06:59
rpJx5VLQMxk,What to trust in a &quot;post-truth&quot; world | Alex Edmans,2018-12-03,122372,4443,322,0 days 00:17:48
Vrui-OctNEk,Sean Sherman: Why aren&#39;t there more Native American restaurants? | TED,2021-07-30,205535,11482,1503,0 days 00:18:12
ZQElzjCsl9o,Math is the hidden secret to understanding the world | Roger Antonsen,2016-12-13,1380634,38555,1541,0 days 00:17:05
TSDOXxlT0U0,What Bruce Lee can teach us about living fully | Shannon Lee,2019-11-04,224599,7214,397,0 days 00:11:10
XZBZ5aBEUrs,How technology has changed what it&#39;s like to be deaf | Rebecca Knill,2020-03-24,70835,1816,68,0 days 00:13:59
D3azoUEEy3E,David Kessler: How to find meaning after loss | TED,2021-09-01,66333,1991,140,0 days 00:12:53
LQMLFryA_7k,The search for dark matter -- and what we&#39;ve found so far | Risa Wechsler,2020-01-27,516044,10207,1509,0 days 00:15:44
6UiU99_tE7I,"How we can use the hiring process to bring out the best in people | The Way We Work, a TED series",2020-11-29,80329,2060,164,0 days 00:04:38
IFjD3NMv6Kw,7 principles for building better cities | Peter Calthorpe,2017-08-31,1699236,39916,1447,0 days 00:14:21
U5kIdtMJGc8,The mathematician who cracked Wall Street | Jim Simons,2015-09-25,2254831,27970,1254,0 days 00:23:08
_x1qkuvUxuI,An Ode to Envy | Parul Sehgal | TED Talks,2013-10-23,177211,3021,175,0 days 00:13:11
5Yj3nGv0kn8,Nancy Kanwisher: A neural portrait of the human mind,2014-10-02,138162,2814,124,0 days 00:17:45
7YoLMG2qja4,How technology changes our sense of right and wrong | Juan Enriquez,2021-02-24,85076,3745,296,0 days 00:07:29
I3BJVaioX_k,"In the war for information, will quantum computers defeat cryptographers? | Craig Costello",2019-12-06,141489,4015,352,0 days 00:16:32
ZK7ih4V0erc,Can we edit memories? | Amy Milton,2020-06-14,120935,3807,240,0 days 00:16:07
lw3YTbubyjI,Keith Chen: Could your language affect your ability to save money?,2013-02-19,218724,3135,333,0 days 00:12:14
VmLMMNhxZMU,"How to win an argument (at the US Supreme Court, or anywhere) | Neal Katyal",2020-10-02,241396,10463,771,0 days 00:16:13
XZiNVGA78kA,&quot;Good&quot; and &quot;bad&quot; are incomplete stories we tell ourselves | Heather Lanier,2018-01-19,158699,5003,273,0 days 00:13:37
7s0CpRfyYp8,Daniel Wolpert: The real reason for brains,2011-11-03,297189,4671,337,0 days 00:20:00
cHKs2aVxOmQ,How to deal with your insomnia — and finally get to sleep | Sleeping with Science,2021-12-15,79234,2769,207,0 days 00:01:59
yuy9yQlFZAU,"Patty McCord: 4 lessons the pandemic taught us about work, life and balance | TED",2021-04-06,110822,2715,99,0 days 00:07:55
_lyP_2p5MJc,The beautiful future of solar power | Marjan van Aubel,2019-03-22,183959,5968,437,0 days 00:08:54
Lh9lDWPMWrM,Richard Weller: Could the sun be good for your heart?,2013-01-17,81359,1095,82,0 days 00:13:00
0B543Zkqq88,For the love of fangirls | Yve Blake,2020-03-10,94880,6813,606,0 days 00:12:03
XzZJuEDQ1a0,"Jedidah Isler: How I fell in love with quasars, blazars and our incredible universe",2015-04-21,69045,1455,69,0 days 00:04:20
K5wCfYujRdE,"Tim Harford: Trial, error and the God complex",2011-07-15,311836,5253,382,0 days 00:18:07
OIpgrZ8yS-Q,The secret to effective nonviolent resistance | Jamila Raqib,2016-07-07,139032,4311,251,0 days 00:08:58
Rcm3rPz_Q94,"The real reason why mosquitoes buzz | DIY Neuroscience, a TED series",2018-09-15,193359,3678,341,0 days 00:04:47
6qqqVwM6bMM,Bunker Roy: Learning from a barefoot movement,2011-10-17,484859,6407,313,0 days 00:19:08
ZcrnN-A2c60,Inside the massive (and unregulated) world of surveillance tech | Sharon Weinberger,2020-12-28,103916,3756,330,0 days 00:11:24
zpn6MCmoK0g,An ode to living on Earth | Oliver Jeffers,2020-04-22,104926,4489,184,0 days 00:10:47
9uOMectkCCs,The first secret of great design | Tony Fadell,2015-06-03,1610942,35460,729,0 days 00:16:42
7LPJrzZaoZg,This scientist makes ears out of apples | Andrew Pelling,2016-07-08,124045,2619,131,0 days 00:07:06
mT4Qbp89nIQ,The surprising solution to ocean plastic | David Katz,2018-02-16,693874,16206,1365,0 days 00:11:54
2t13Rq4oc7A,The unexpected benefit of celebrating failure | Astro Teller,2016-05-09,311887,4991,210,0 days 00:15:33
Qd5rAVHT6Vw,We can hack our immune cells to fight cancer | Elizabeth Wayne,2017-11-07,79755,2812,193,0 days 00:05:33
6V6p1tgHfm0,How to have better political conversations | Robb Willer,2017-02-09,212646,4617,501,0 days 00:12:02
DBBA2LAsepU,Why we ignore obvious problems — and how to act on them | Michele Wucker,2019-05-23,107360,2392,119,0 days 00:10:06
oQ7vlPpUHN8,How my mom inspired my approach to the cello | Paul Rucker,2018-12-13,69129,1958,91,0 days 00:04:12
Xi_PD5aZT7Q,Michael Green: Why we should build wooden skyscrapers,2013-07-09,272486,4789,806,0 days 00:12:23
LIckScLypGA,"In the Internet age, dance evolves ... | The LXD",2010-03-05,1293649,9812,1233,0 days 00:17:30
XY6aAPhs0tE,The secret to scientific discoveries? Making mistakes | Phil Plait,2019-04-11,96554,2925,129,0 days 00:11:09
oHDq1PcYkT4,Want to get great at something? Get a coach | Atul Gawande,2018-01-30,240286,5413,179,0 days 00:16:47
-3y6_7_5PcQ,Why are drug prices so high? Investigating the outdated US patent system | Priti Krishtel,2020-02-06,85705,2473,228,0 days 00:12:35
nz0cAjXVepg,Why we need to end the era of orphanages | Tara Winkler,2017-09-12,115319,3851,226,0 days 00:13:12
j81saupKVpo,Helder Guimarães: A magical search for a coincidence,2015-02-27,499127,5894,404,0 days 00:13:16
73rUjrow5pI,How we&#39;re using drones to deliver blood and save lives | Keller Rinaudo,2017-12-18,127820,4046,216,0 days 00:15:31
OT9poH_D2Iw,Hans Rosling: The good news of the decade?,2010-10-07,160327,2305,222,0 days 00:16:06
Fg_JcKSHUtQ,A robot that flies like a bird | Markus Fischer,2011-07-23,3494487,27777,2900,0 days 00:06:20
ULNPLFrTirQ,Lifesaving scientific tools made of paper | Manu Prakash,2017-07-24,153185,5758,217,0 days 00:13:59
DsrxbqFo41k,The gospel of doubt | Casey Gerald,2016-04-04,134439,3852,316,0 days 00:18:20
M1o3FS0awtk,Nic Marks: The Happy Planet Index,2010-08-30,226081,2307,262,0 days 00:17:20
TFgtI7nt6Q4,The secret to great opportunities? The person you haven&#39;t met yet | Tanya Menon,2018-03-08,185566,3348,104,0 days 00:14:07
xzWFrHHTrs8,What you need to know about stalkerware | Eva Galperin,2020-03-30,99297,3608,251,0 days 00:12:57
87qLWFZManA,Three ideas. Three contradictions. Or not. | Hannah Gadsby,2019-06-12,1111620,44209,2288,0 days 00:18:34
l1fodZNF1GI,How to build a business that lasts 100 years | Martin Reeves,2016-09-01,240434,3451,103,0 days 00:14:55
Kab-mpU-YVM,What makes something go viral? | Dao Nguyen,2018-01-08,231236,5618,243,0 days 00:10:29
awADEuv5vWY,How we can use light to see deep inside our bodies and brains | Mary Lou Jepsen,2018-08-24,286622,9239,791,0 days 00:16:51
KJPpJhQxaLw,How pollution is changing the ocean&#39;s chemistry | Triona McGrath,2017-06-19,105308,2357,251,0 days 00:09:03
ptIecdCZ3dg,The secret to living longer may be your social life | Susan Pinker,2017-09-04,402732,6699,401,0 days 00:16:03
byAogVoMViE,How I help people understand vitiligo | Lee Thomas,2019-09-25,694120,25227,2753,0 days 00:15:45
xjvTIP7pV20,Comics belong in the classroom | Gene Luen Yang,2018-06-15,67602,1774,145,0 days 00:10:37
uTfaua3X0RU,The health benefits of clowning around | Matthew A. Wilson,2020-02-26,71905,1975,115,0 days 00:07:29
77HUdJ7Tij0,"How to bring affordable, sustainable electricity to Africa | Rose M. Mutiso",2019-11-19,70192,2100,292,0 days 00:13:01
OsbV1_tA1oU,The psychology of inequality and political division | Keith Payne,2020-10-05,68587,2946,299,0 days 00:12:10
dsJWs6Z6eNs,How the West can adapt to a rising Asia | Kishore Mahbubani,2019-09-22,305654,6996,1291,0 days 00:17:54
YD5PFdghryc,A glimpse of life on the road | Kitra Cahana,2014-05-28,185584,1886,142,0 days 00:05:01
H8rDS6Wto5g,"7 common questions about workplace romance | The Way We Work, a TED series",2019-02-09,270892,3128,178,0 days 00:05:50
d38LKbYfWrs,"Rupal Patel: Synthetic voices, as unique as fingerprints",2014-02-13,97845,1327,119,0 days 00:11:45
iIwbuS526PI,A young guitarist meets his hero | Usman Riaz and Preston Reed,2012-07-06,3351502,45958,1384,0 days 00:16:43
d4Cy16uOdLM,How to decarbonize the grid and electrify everything | John Doerr and Hal Harvey,2020-11-19,117708,4496,704,0 days 00:20:31
u1_dYypojbE,The best way to help is often just to listen | Sophie Andrews,2018-04-02,86971,2417,108,0 days 00:14:24
G9-urSR19SI,How to teach kids to talk about taboo topics | Liz Kleinrock,2019-03-15,123217,3681,241,0 days 00:12:02
_xMWqUe8FdU,Tim Leberecht: 3 ways to (usefully) lose control of your brand,2012-10-08,79210,821,66,0 days 00:06:31
c9V6OKlY80k,You have no idea where camels really come from | Latif Nasser,2016-04-14,759204,14814,1713,0 days 00:12:28
jfqwHT3u1-8,Don Tapscott: Four principles for the open world,2012-06-28,110221,2128,201,0 days 00:17:51
t2gbcVaZ448,The danger of hiding who you are | Morgana Bailey,2015-01-23,598817,11152,853,0 days 00:10:27
RjquHTj4HlY,America Ferrera: My identity is a superpower -- not an obstacle | TED,2019-06-21,442792,11010,653,0 days 00:14:03
mAnFBEokfrw,3 ways to be a more effective fundraiser | Kara Logan Berlin,2020-01-03,77233,1833,67,0 days 00:16:09
zamvnyBB-SU,Why the hospital of the future will be your own home | Niels van Namen,2018-10-10,73406,1516,86,0 days 00:11:37
qaIghx4QRN4,Where are all the aliens? | Stephen Webb,2018-08-16,4014293,53332,11356,0 days 00:13:19
GpxV10eD538,Africa is a sleeping giant -- I&#39;m trying to wake it up | Adeola Fayehun,2020-07-27,125316,5169,536,0 days 00:07:10
FV-c2FnPnDE,Boyd Varty: What I learned from Nelson Mandela,2013-12-09,208842,3063,142,0 days 00:15:00
Dig_QFPPPtE,Ink made of air pollution | Anirudh Sharma,2019-02-08,103927,5074,257,0 days 00:08:25
kuCPvKW4k5w,Tanya Berger-Wolf: How your nature photos can help protect wild animals | TED,2021-12-25,40077,911,41,0 days 00:09:30
Juc_yvEkJuc,An urgent call to protect the world&#39;s &quot;Third Pole&quot; | Tshering Tobgay,2019-09-05,157825,6949,649,0 days 00:14:30
Gv7Y0W0xmYQ,Malte Spitz: Your phone company is watching,2012-07-24,138369,2237,303,0 days 00:09:57
-akXMtIhPIo,Why language is humanity&#39;s greatest invention | David Peterson,2019-10-25,80376,2157,206,0 days 00:14:34
2U-tOghblfE,Nicholas Christakis: The hidden influence of social networks,2010-05-10,365890,3449,282,0 days 00:18:45
HNOnvp5t7Do,Julian Assange: Why the world needs WikiLeaks,2010-07-19,600845,13838,1733,0 days 00:19:34
BXlnrFpCu0c,My son was a Columbine shooter. This is my story | Sue Klebold,2017-02-27,,,,0 days 00:15:19
xRL2vVAa47I,"How Amazon, Apple, Facebook and Google manipulate our emotions | Scott Galloway",2017-12-12,760906,18282,754,0 days 00:19:06
LpROaNue9GM,Shea Hembrey: How I became 100 artists,2011-06-14,120441,1642,135,0 days 00:16:49
th3KE_H27bs,The dirty secret of capitalism -- and a new way forward | Nick Hanauer,2019-10-18,1977989,61975,11785,0 days 00:17:04
Fu1Zi1PYqos,What investigating neural pathways can reveal about mental health | Kay M. Tye,2020-04-07,69597,2114,158,0 days 00:13:00
eaCrsBtiYA4,Racism has a cost for everyone | Heather C. McGhee,2020-05-08,169599,5782,566,0 days 00:14:22
B9bDZ5-zPtY,Can we eat to starve cancer? | William Li,2010-05-17,1207488,16979,1401,0 days 00:24:12
bLAw7yF0YBc,"In the opioid crisis, here&#39;s what it takes to save a life | Jan Rader",2019-01-22,93476,2142,254,0 days 00:14:32
Bs86giWcjLA,Why must artists be poor? | Hadi Eldebek,2018-04-09,156137,4098,351,0 days 00:06:42
j-S03JfgHEA,Jeremy Heimans: What new power looks like,2014-10-31,146678,1542,72,0 days 00:15:13
B1fkNcmDrlM,How do daily habits lead to political violence? | Christiane-Marie Abu Sarah,2020-09-18,87147,7079,242,0 days 00:15:14
yWRmWnPNkqU,The Year in Ideas: TED Talks of 2015,2016-01-01,,,,0 days 00:08:30
TrofjEAetVs,How AI could become an extension of your mind | Arnav Kapur,2019-06-06,131536,4624,507,0 days 00:08:59
8_cEKbzbC98,Chris Bennett: A close-to-home solution for accessible childcare | TED,2021-12-27,30453,705,53,0 days 00:09:07
kZP8Kqr_bcw,"To eliminate waste, we need to rediscover thrift | Andrew Dent",2018-04-26,111418,1880,83,0 days 00:10:35
qNvDRuGK84I,How the Panama Papers journalists broke the biggest leak in history | Gerard Ryle,2016-08-26,104048,2354,191,0 days 00:13:09
-T3k6s7bev8,The age of genetic wonder | Juan Enriquez,2019-03-01,121175,3691,294,0 days 00:18:06
imhUmLtlZpw,Understanding the rise of China | Martin Jacques,2011-01-24,2163254,29105,8007,0 days 00:24:40
6ElobAhlQo0,How to build synthetic DNA and send it across the internet | Dan Gibson,2018-08-08,68104,2376,220,0 days 00:15:09
FktsFcooIG8,Your brain on video games | Daphne Bavelier,2012-11-19,6567726,174053,21704,0 days 00:17:58
vWJwa7lntTs,A video game to cope with grief | Amy Green,2017-05-17,109271,3563,251,0 days 00:10:35
Se8kcnU-uZw,How architecture helped music evolve | David Byrne,2010-06-11,473765,4252,236,0 days 00:16:32
JI-HzvXk5bk,A small country with big ideas to get rid of fossil fuels | Monica Araya,2016-09-06,169767,3790,419,0 days 00:15:53
9A7_xCrgX1U,A climate change solution that&#39;s right under our feet | Asmeret Asefaw Berhe:,2019-09-26,103238,3577,506,0 days 00:13:43
vC1uxXvPG0Q,"Pirates, nurses and other rebel designers | Alice Rawsthorn",2016-05-26,122610,1231,70,0 days 00:11:45
AHV_BxlNzmM,"When technology can read minds, how will we protect our privacy? | Nita Farahany",2018-12-18,108338,2927,474,0 days 00:13:05
ApGeDdIaxo8,Stunning Photos of the Endangered Everglades | Mac Stone | TED Talks,2015-10-22,81363,1565,97,0 days 00:19:16
cgxZ4H3gJ8c,You owe it to yourself to experience a total solar eclipse | David Baron,2017-08-10,736914,13611,1235,0 days 00:12:17
O16Pfv6nd7M,Kathryn A. Whitehead: The tiny balls of fat that could revolutionize medicine | TED,2021-08-11,,,,0 days 00:12:46
myqyrT81aYM,The mental health benefits of storytelling for health care workers | Laurel Braitman,2020-05-28,83177,2027,71,0 days 00:09:45
t8R_GKS-M2Y,The future of good food in China | Matilda Ho,2017-12-19,111388,2432,205,0 days 00:05:05
3QZp6smeSQA,Michael Pawlyn: Using nature&#39;s genius in architecture,2011-02-10,362769,6521,267,0 days 00:16:56
GqGksNRYu8s,We&#39;ve stopped trusting institutions and started trusting strangers | Rachel Botsman,2016-11-07,152612,2567,165,0 days 00:17:09
1fZ915L1w7I,How cancer cells communicate — and how we can slow them down | Hasini Jayatilaka,2018-08-30,134340,3134,274,0 days 00:10:20
UK8ccWSZkic,Debate: Does the world need nuclear energy?,2010-06-10,442204,3951,2180,0 days 00:25:32
rQy4gPjUY-s,Why I have coffee with people who send me hate mail | Özlem Cekic,2018-11-27,102920,3003,290,0 days 00:15:22
DL0_gcP15Ts,Kevin Stone: The bio-future of joint replacement,2010-07-23,97006,745,113,0 days 00:10:02
RbNqU2K0qzo,The coolest animal you know nothing about ... and how we can save it | Patrícia Medici,2015-12-01,105616,1659,141,0 days 00:11:33
DJMhz7JlPvA,"How AI can enhance our memory, work and social lives | Tom Gruber",2017-08-21,180001,2999,203,0 days 00:09:47
aL00a3sfnYM,"Deborah Gordon: What ants teach us about the brain, cancer and the Internet",2014-05-13,75105,1068,58,0 days 00:14:10
sRT61YB0hSQ,How do you build a sacred space? | Siamak Hariri,2017-05-12,142475,3370,204,0 days 00:12:47
P2y3Uspr8Bg,Two Nameless Bodies Washed Up on the Beach. Here Are Their Stories | Anders Fjellberg | TED Talks,2015-11-06,175105,3259,356,0 days 00:14:42
j9f4kv2sJCk,Who counts as a speaker of a language? | Anna Babel,2021-01-07,68271,2263,163,0 days 00:10:56
Ir7wCAQINqw,A camera that can see around corners | David Lindell,2020-04-21,89519,3474,274,0 days 00:07:35
_ryJK294Psw,The fascinating physics of everyday life | Helen Czerski,2017-09-28,248328,5353,292,0 days 00:15:58
a6Qvzp516gY,How my dad&#39;s dementia changed my idea of death (and life) | Beth Malone,2017-12-07,78408,2182,166,0 days 00:07:02
ygmlKMQ8kc4,"Alison Killing: There’s a better way to die, and architecture can help",2015-03-30,77603,1299,155,0 days 00:04:44
LI8ix9IghkY,"Karen Bass: Unseen footage, untamed nature",2012-05-09,80006,1214,124,0 days 00:10:29
pxEcvU0Vp_M,How isolation fuels opioid addiction | Rachel Wurzman,2018-11-19,66166,1759,160,0 days 00:18:32
295sVZZf9CI,A strategy for supporting and listening to others | Jeremy Brewer,2021-01-15,76254,2905,122,0 days 00:07:17
jzrcRcEBrmA,The transformative power of video games | Herman Narula,2019-10-31,84246,2670,224,0 days 00:12:01
B4a0NvLTebw,"Why I keep speaking up, even when people mock my accent | Safwat Saleem",2016-08-15,189599,4605,354,0 days 00:10:49
FPhZGD-6kVQ,4 ways to build a human company in the age of machines | Tim Leberecht,2016-12-01,89098,1620,95,0 days 00:11:45
uU2L5nTSHtc,How one tree grows 40 different kinds of fruit | Sam Van Aken,2019-10-01,205946,6904,372,0 days 00:11:25
i_wtaoHCw3k,What a scrapyard in Ghana can teach us about innovation | DK Osseo-Asare,2018-08-30,65959,1804,109,0 days 00:14:18
QtnBMSSk9Ok,What it&#39;s like to have Tourette&#39;s — and how music gives me back control | Esha Alwani,2019-04-23,102782,4167,359,0 days 00:09:56
xTra-yePY_A,How does income affect childhood brain development? | Kimberly Noble,2019-04-18,96159,2245,427,0 days 00:11:48
WfTZ5iIUn4s,The art of bow-making | Dong Woo Jang,2013-11-01,1039091,10174,598,0 days 00:08:29
f-mQIWnO3Ag,How New Technology Helps Blind People Explore the World | Chieko Asakawa | TED Talks,2016-01-05,76437,1350,69,0 days 00:09:30
uk7gKixqVNU,Steven Pinker and Rebecca Newberger Goldstein: The long reach of reason,2014-03-17,141694,3228,459,0 days 00:15:24
v5c3FE_qRnI,How women in rural India turned courage into capital | Chetna Gala Sinha,2018-09-10,92950,3348,206,0 days 00:14:29
nQo1NgQ-Yf0,How to turn your dissatisfaction into action | Yvonne Aki-Sawyerr,2020-07-02,113603,2929,105,0 days 00:12:02
iu9u5yzUlb0,How to break bad management habits before they reach the next generation of leaders | Elizabeth Lyle,2019-01-23,143241,2255,116,0 days 00:12:04
64fDIZiV-SM,Shake up your story | Raghava KK,2011-09-09,67924,1142,110,0 days 00:04:31
ylS-6UK9FhQ,How video game skills can get you ahead in life | William Collis,2021-03-25,88110,3647,258,0 days 00:10:26
SDLbFowy3A0,The secrets of spider venom | Michel Dugon,2018-10-26,95749,2643,191,0 days 00:12:53
CZNrOzgNWf4,Gary Slutkin: Let&#39;s treat violence like a contagious disease,2013-10-10,170590,2187,365,0 days 00:14:09
LsAN-TEJfN0,How Netflix changed entertainment -- and where it&#39;s headed | Reed Hastings,2018-07-12,191345,3862,162,0 days 00:20:52
JKS7HWy2TRU,How film transforms the way we see the world | Sharmeen Obaid-Chinoy,2019-08-23,91011,3410,127,0 days 00:12:20
aupPrDnhrKA,How augmented reality could change the future of surgery | Nadine Hachach-Haram,2018-01-10,83468,1834,127,0 days 00:11:05
U51MSK6nSQE,The case for a decentralized internet | Tamas Kocsis,2018-11-29,95362,2083,193,0 days 00:10:01
j_GzkjHtFiA,Adventures of an interplanetary architect | Xavier De Kestelier,2018-01-11,108200,2877,226,0 days 00:12:45
f7MghGrscVA,"How octopuses battle each other | DIY Neuroscience, a TED series",2018-09-15,362159,5637,457,0 days 00:03:53
DUg9GvRHQk0,The promise of quantum computers | Matt Langione,2021-03-09,80017,2532,294,0 days 00:12:14
CXy1byguvJY,A new way to monitor vital signs (that can see through walls) | Dina Katabi,2018-08-09,101375,2547,197,0 days 00:13:18
wRG5_-9eE4w,The &quot;opportunity gap&quot; in US public education -- and how to close it | Anindya Kundu,2020-01-23,91598,1864,210,0 days 00:08:00
YsA_JTeHJ6A,How to design a library that makes kids want to read |  Michael Bierut,2017-06-23,386736,6399,292,0 days 00:12:27
WDaa6wBrDLo,Solomon Goldstein-Rose: How much clean electricity do we really need? | TED Countdown,2021-12-28,41100,1179,168,0 days 00:09:51
lAzQWtkPzbI,How we&#39;re harnessing nature&#39;s hidden superpowers | Oded Shoseyov,2016-10-18,132389,3410,160,0 days 00:13:22
-RkhAP0_ms4,"The pharmacy of the future? Personalized pills, 3D printed at home | Daniel Kraft",2018-11-08,118617,2889,189,0 days 00:12:13
xDKth-qS8Jk,The new political story that could change everything | George Monbiot,2019-09-05,233937,7475,1038,0 days 00:15:16
Mm-_QZ_tf0s,"Johanna Figueira: Simple, effective tech to connect communities in crisis | TED",2020-04-22,80768,1758,138,0 days 00:09:57
OhYvDS7q_V8,Lisa Harouni: A primer on 3D printing,2012-01-23,225744,2079,469,0 days 00:14:50
DvuINJTMG8g,&quot;St. James Infirmary Blues&quot; | Silk Road Ensemble + Rhiannon Giddens,2016-11-22,141321,2117,131,0 days 00:08:44
ygHwQXIlKJI,"Stunning buildings made from raw, imperfect materials | Débora Mesa Molina",2019-01-25,112440,3221,153,0 days 00:12:09
vGX3FA_rQq4,The fascinating secret lives of giant clams | Mei Lin Neo,2017-10-12,102386,2185,149,0 days 00:05:28
-mwF-znI4x0,What happens in your throat when you beatbox? | Tom Thum and Matthew Broadhurst,2019-03-28,114491,3817,178,0 days 00:17:21
zIwLWfaAg-8,Elon Musk: The future we&#39;re building -- and boring | TED,2017-05-03,21943790,346127,24325,0 days 00:40:51
aQsOmGflf1o,What your breath could reveal about your health | Julian Burschka,2019-02-25,93013,2164,138,0 days 00:13:30
7MHOk7qVhYs,How a male contraceptive pill could work | John Amory,2018-05-22,73226,2521,371,0 days 00:06:24
IWjzT2l5C34,Hubertus Knabe: The dark secrets of a surveillance state,2014-08-06,123340,1639,232,0 days 00:19:39
G7PydoX_WNQ,"How you can make a fruit fly eat veggies | DIY Neuroscience, a TED series",2018-09-15,76921,1282,95,0 days 00:04:30
9zC2Bc22QfA,A guide to collaborative leadership | Lorna Davis,2020-02-14,89218,2418,58,0 days 00:14:13
WBqnzn77MEE,The rapid growth of the Chinese internet -- and where it&#39;s headed | Gary Liu,2018-08-06,124804,3214,412,0 days 00:12:42
762c6pFpoqg,How urban spaces can preserve history and build community | Walter Hood,2018-08-31,88570,1516,54,0 days 00:14:15
idfv7Lw4Y_s,This ancient rock is changing our theory on the origin of life | Tara Djokic,2019-10-30,968739,16290,3348,0 days 00:09:31
CjB6DQGalU0,Every piece of art you&#39;ve ever wanted to see -- up close and searchable | Amit Sood,2016-06-29,96949,2241,106,0 days 00:15:01
-Z-ul0GzzM4,Ajit Narayanan: A word game to communicate in any language,2014-03-10,109620,2219,136,0 days 00:15:44
AYzA2uyd9_s,Inside America&#39;s dead shopping malls | Dan Bell,2017-04-10,614412,10984,1058,0 days 00:11:54
rj3_n1-XV8c,Claire Malone: The missing 96 percent of the universe | TED,2021-08-06,75249,2670,170,0 days 00:12:49
yfLp_vueUxY,"The past, present and future of nicotine addiction | Mitch Zeller",2020-01-22,103782,2742,409,0 days 00:17:31
F5h6ynoq8uM,How to transform apocalypse fatigue into action on global warming | Per Espen Stoknes,2017-12-08,87346,1737,227,0 days 00:15:01
WvfydcUeXls,A love letter to realism in a time of grief | Mark Pollock and Simone George,2018-09-28,98148,2149,120,0 days 00:19:23
6-eYu0fCtU8,How loss helped one artist find beauty in imperfection | Alyssa Monks,2016-11-17,112618,3238,131,0 days 00:13:09
VxGMqKCcN6A,Militant atheism | Richard Dawkins,2008-04-15,2409869,44970,29082,0 days 00:31:08
dKNu5ZnWhb4,How generational stereotypes hold us back at work | Leah Georges,2019-05-16,118467,2805,222,0 days 00:11:36
h7u6N-cSWtY,The genius puppetry behind War Horse | Handspring Puppet Company,2011-03-30,882270,6268,477,0 days 00:18:20
OQSMr-3GGvQ,Facebook&#39;s role in Brexit — and the threat to democracy | Carole Cadwalladr,2019-06-10,1015915,26996,3934,0 days 00:15:16
uX-0gEOdAuU,Amina J. Mohammed: A new perspective on the journey to net-zero | TED Countdown,2021-12-30,37754,915,111,0 days 00:08:04
QBDShp6U7tU,Marco Annunziata: Welcome to the age of the industrial internet,2013-12-17,133541,1075,103,0 days 00:12:37
bJkv9b9o9lo,"You smell with your body, not just your nose | Jennifer Pluznick",2017-08-09,137548,1892,134,0 days 00:07:05
x1Efv_wF5LE,How cities are detoxing transportation | Monica Araya,2020-10-12,72007,1805,185,0 days 00:10:26
3BDF7cD2M6g,How to lead a conversation between people who disagree | Eve Pearlman,2019-04-22,150785,2607,155,0 days 00:09:10
iWaZEXBbQL0,Maps that show us who we are (not just where we are) | Danny Dorling,2016-12-21,239274,4881,285,0 days 00:14:08
eXp5QSfXLQU,Extreme wingsuit flying (The TEDTalk),2009-04-01,335242,1070,229,0 days 00:13:18
r9Zz4hYuGdw,Why I choose humanism over faith | Leo Igwe,2018-04-24,102886,4098,772,0 days 00:10:20
5RAJvzV9j-o,6 space technologies we can use to improve life on Earth | Danielle Wood,2018-02-24,122006,2319,183,0 days 00:10:52
3B24RaqA33k,What if we ended the injustice of bail? | Robin Steinberg,2018-05-04,102243,2847,365,0 days 00:14:25
ysRvYxznrq4,Why can&#39;t we talk about periods? | Jen Gunter,2020-02-05,129672,5083,713,0 days 00:11:43
VlHiEN1zTKI,How China is (and isn&#39;t) fighting pollution and climate change | Angel Hsu,2018-09-19,162288,3492,750,0 days 00:12:19
Zd_Lbg9jroU,The power to think ahead in a reckless age | Bina Venkataraman,2019-09-17,104914,2346,173,0 days 00:13:11
wzkFoetp-_M,What it&#39;s like to be a Muslim in America | Dalia Mogahed,2016-03-15,4666147,177958,14872,0 days 00:16:17
yBdyFKqwKy0,How we&#39;ll find life on other planets | Aomawa Shields,2016-01-28,106993,2644,377,0 days 00:05:26
rGfhahVBIQw,David Brooks: The social animal,2011-03-14,186717,2135,165,0 days 00:18:44
iw7nPE2jioU,How we can help young people build a better future | Henrietta Fore,2018-11-14,82292,1984,144,0 days 00:14:26
7LE4MoJ-2po,What&#39;s it like to be a robot? | Leila Takayama,2018-02-16,88247,1838,124,0 days 00:12:56
FQfWKSdIreM,Martina Flor: The secret language of letter design (with English subtitles) | TED,2018-01-05,101346,1851,101,0 days 00:12:16
6YvyjLMfWJs,Secrets of the mind and free will -- revealed by magic tricks | Alice Pailhès,2020-10-20,69789,2439,337,0 days 00:08:49
heY_8JJHBIE,"The ancient, earth-friendly wisdom of Mongolian nomads | Khulan Batkhuyag",2020-10-19,68898,3974,297,0 days 00:11:31
fi8CYv9Dcr0,Toby Eccles: Invest in social change,2013-12-02,75582,659,37,0 days 00:10:04
uFt-q8HgYpI,How we can eliminate child sexual abuse material from the internet | Julie Cordua,2019-11-12,95954,3353,471,0 days 00:13:51
cM6JpalAtq0,Nithya Ramanathan: The problem of vaccine spoilage -- and a smart sensor to help | TED,2021-12-29,39754,875,82,0 days 00:05:57
PCWIGN3181U,Deep sea diving ... in a wheelchair | Sue Austin,2013-01-08,462565,4211,590,0 days 00:09:39
EKBpF2bzpNs,How to be fearless in the face of authoritarianism | Sviatlana Tsikhanouskaya,2020-11-24,81588,5093,535,0 days 00:05:45
62cNtvx6P8E,Bill Davenhall: Your health depends on where you live,2010-01-25,75166,530,115,0 days 00:09:26
yrxYhv2O3wU,What coronavirus means for the global economy | Ray Dalio,2020-04-09,1742118,28152,3130,0 days 00:52:41
8agz9FcDcPk,Carter Emmart demos a 3D atlas of the universe,2010-07-01,131319,1426,204,0 days 00:07:29
9y7YEmyz-Do,The global learning crisis -- and what to do about it | Amel Karboul,2017-11-27,90569,1933,207,0 days 00:15:10
ImQrUjlyHUg,Mark Pagel: How language transformed humanity,2011-08-03,228253,2307,390,0 days 00:20:11
L7X17aash2s,What does the universe sound like? A musical tour | Matt Russo,2018-11-09,141135,4914,254,0 days 00:16:53
p9CzNIVsUEA,&quot;Luna Negra&quot; / &quot;Carita de Inocente&quot; / &quot;Corazón Sin Cara&quot; / &quot;Darte un Beso&quot; | Prince Royce,2020-10-23,91447,2176,91,0 days 00:08:21
I6xuJu7gLe0,The gender-fluid history of the Philippines | France Villarta,2020-04-03,95767,5218,625,0 days 00:10:52
4R3gFN8sUa8,What the Russian Revolution would have looked like on social media | Mikhail Zygar,2018-08-15,87226,2084,185,0 days 00:04:50
_2b-vOVZ0gI,How did we get fertility so wrong? | Am I Normal? with Mona Chalabi,2021-11-09,68374,2453,290,0 days 00:02:58
JKsHhXwqDqM,Thomas Piketty: New thoughts on capital in the twenty-first century,2014-10-06,380011,4514,643,0 days 00:21:05
m7hdIIneypE,Is civility a sham? | Teresa Bejan,2018-12-05,69190,1917,277,0 days 00:13:54
zO-aCQ6xH-8,World champion whistler | Geert Chatrou,2011-02-15,2045665,16953,1813,0 days 00:15:06
ovKqmRyOGcg,The power of diversity within yourself | Rebeca Hwang,2018-08-14,106934,2388,136,0 days 00:09:45
RZgkjEdMbSw,"How to deconstruct racism, one headline at a time | Baratunde Thurston",2019-06-26,1296360,70146,7243,0 days 00:16:51
gtpTd3ywwiE,Martin Villeneuve: How I made an impossible film,2013-06-07,80875,1199,114,0 days 00:10:56
th3nnEpITz0,Will automation take away all our jobs? | David Autor,2017-02-06,434196,7106,1239,0 days 00:18:38
afev0ZjAhUA,"The passing of time, caught in a single photo | Stephen Wilkes",2016-06-27,189185,5132,312,0 days 00:12:37
Stt4iGMiHiI,Architectural secrets of the world&#39;s ancient wonders | Brandon Clifford,2019-07-19,111059,2554,235,0 days 00:04:23
FqrLUtIFVjs,Where is cybercrime really coming from? | Caleb Barlow,2017-02-15,265389,3857,313,0 days 00:14:28
8meWY0W40OA,Rob Hopkins: Transition to a world without oil,2009-11-24,169575,1421,269,0 days 00:17:58
cixIwyYkCEo,The US is addicted to incarceration. Here&#39;s how to break the cycle | Robin Steinberg,2020-06-01,67066,1446,146,0 days 00:17:39
2Oe6HUgrRlQ,Atheism 2.0 | Alain de Botton,2012-01-17,1189873,26091,4877,0 days 00:19:21
ciDjhKKxOaY,How to train employees to have difficult conversations | Tamekia MizLadi Smith,2018-08-20,92351,1985,161,0 days 00:08:11
ziGD7vQOwl8,The unheard story of David and Goliath | Malcolm Gladwell,2013-09-30,4313345,50311,14411,0 days 00:15:41
fscaRh2OtXk,Science didn&#39;t understand my kids&#39; rare disease until I decided to study it | Sharon Terry,2017-07-18,70997,1842,152,0 days 00:15:03
szt7f5NmE9E,Nationalism vs. globalism: the new political divide | Yuval Noah Harari,2017-02-21,1409537,27651,4729,0 days 01:00:09
-BvcToPZCLI,The most important thing you can do to fight climate change: talk about it | Katharine Hayhoe,2019-01-11,150727,3224,786,0 days 00:17:12
Urk3xn7l3AM,What would happen if we upload our brains to computers? | Robin Hanson,2017-09-09,145333,3046,554,0 days 00:12:17
FETryXMpDl8,What Islam really says about women | Alaa Murabit,2015-07-21,3588730,103178,20163,0 days 00:12:14
f8c3TzQtD4k,What we do (and don&#39;t) know about the coronavirus | David Heymann,2020-03-05,489476,7751,645,0 days 00:08:07
sJCBM9ajA5s,Why Medicine Often Has Dangerous Side Effects for Women | Alyson McGregor | TED Talks,2015-11-05,178430,3465,475,0 days 00:15:30
Xgyh0juINNI,How to be your best self in times of crisis | Susan David,2020-03-25,134123,2351,128,0 days 00:46:04
ol1b5mMeP7s,Ge Wang: The DIY orchestra of the future,2014-06-26,101008,1975,140,0 days 00:17:37
mqX2BmiEDnQ,How a fleet of wind-powered drones is changing our understanding of the ocean | Sebastien de Halleux,2018-12-11,169614,2908,255,0 days 00:12:42
zORUUqJd81M,Why does the universe exist? | Jim Holt,2014-09-02,6782845,71643,21759,0 days 00:17:22
12OAr0lt4bk,Rufus Griscom and Alisa Volkman: It&#39;s time to explode 4 taboos of parenting,2010-12-16,148209,1078,175,0 days 00:17:39
AWPrOvzzqZk,Susan Etlinger: What do we do with all this big data?,2014-10-20,128958,978,83,0 days 00:12:28
-guHd9Zrbn4,&quot;Iyeza&quot; / &quot;Zabalaza&quot; | Thandiswa Mazwai,2018-06-02,127333,2316,299,0 days 00:10:48
7ErKuXByRto,Climate change is becoming a problem you can taste | Amanda Little,2020-11-17,93373,3237,690,0 days 00:12:17
KNXOVpN8Wgg,Roger Ebert: Remaking my voice,2011-04-14,176638,1988,716,0 days 00:19:30
QPC5_P2_Fu8,Can we stop climate change by removing CO2 from the air? | Tim Kruger,2017-11-21,249290,4893,1416,0 days 00:08:57
OzA6jRYjVQs,A global food crisis may be less than a decade away | Sara Menker,2017-10-26,235848,3759,1064,0 days 00:17:34
VdqnAhNrqPU,Uğur Şahin and Özlem Türeci: Meet the scientist couple driving an mRNA vaccine revolution | TED,2021-08-03,162408,5011,865,0 days 00:24:55
3wxBTEo8-T8,4 larger-than-life lessons from soap operas | Kate Adams,2017-01-03,133528,2482,120,0 days 00:12:28
jiUKpX09zo4,How state budgets are breaking US schools | Bill Gates,2011-03-05,164650,1536,460,0 days 00:10:47
8atXMqZ_w0M,The fight for civil rights and freedom | John Lewis and Bryan Stevenson,2020-07-20,333219,3539,208,0 days 00:23:47
MLU7qcMYKO8,Joel Levine: Why we need to go back to Mars,2010-03-25,70875,921,277,0 days 00:16:43
mGbMwP8MDjg,How judges can show respect | Victoria Pratt,2017-12-01,68542,1908,221,0 days 00:16:04
cI9vSC1eQ18,Andrew Connolly: What&#39;s the next window into our universe?,2014-09-16,82948,1342,62,0 days 00:17:44
7nZqiPLCvM4,Vincent Moon and Nana Vasconcelos: The world’s hidden music rituals,2014-11-14,77281,805,71,0 days 00:24:18
Bo8YN3oB0Cw,What we don&#39;t know about mother&#39;s milk | Katie Hinde,2017-04-19,110598,2179,296,0 days 00:10:00
dDClQv1SeeE,How nationalism and globalism can coexist | Wanis Kabbaj,2018-11-13,104520,3306,674,0 days 00:12:55
Q-sK-s_TzN0,A human-robot dance duet | Huang Yi &amp; KUKA,2017-11-13,186780,2788,252,0 days 00:04:44
0CVn-Rdnexw,The joy of taking out the trash | Aparna Nancherla,2020-12-30,78024,1924,156,0 days 00:03:25
DM1_DV_Fhc4,An Internet Without Screens Might Look Like This | Tom Uglow | TED Talks,2015-11-13,158023,1973,185,0 days 00:08:24
SN7wO06Yz1E,"Julie Taymor: Spider-Man, The Lion King and life on the creative edge",2013-07-31,146084,1344,115,0 days 00:18:29
oIZDtqWX6Fk,The lie that invented racism | John Biewen,2020-11-01,445278,15360,4113,0 days 00:18:22
AgMOJC5R4F8,Chris Kluwe: How augmented reality will change sports ... and build empathy,2014-05-22,123222,1269,165,0 days 00:09:12
5UH7uTpTa44,How fake handbags fund terrorism and organized crime | Alastair Gray,2018-01-02,147995,3253,352,0 days 00:12:03
8NSQYO2es3U,Climate change will displace millions. Here&#39;s how we prepare | Colette Pichon Battle,2020-01-30,119281,2912,794,0 days 00:12:48
twWkGt33X_k,"How we can build AI to help humans, not hurt us | Margaret Mitchell",2018-03-12,76338,1232,229,0 days 00:09:57
pGJjScfG8h4,Why there&#39;s no such thing as objective reality | Greg Anderson,2021-03-19,88552,2964,680,0 days 00:16:23
laxxj3hQWZA,Patricia Burchat: Shedding light on dark matter,2008-08-25,73967,642,136,0 days 00:16:41
WfjzkO6_DEI,Let&#39;s end ageism | Ashton Applewhite,2017-08-23,186733,3683,476,0 days 00:11:38
3PmqknYmY9Q,"How to come out at work, about anything | The Way We Work, a TED series",2020-11-30,148378,1182,191,0 days 00:06:05
Xe8fIjxicoo,How we must respond to the coronavirus pandemic | Bill Gates,2020-03-25,4849100,73944,17456,0 days 00:51:51
hfznpykprP0,The powerful stories that shaped Africa | Gus Casely-Hayford,2017-11-10,68890,952,215,0 days 00:19:55
CVPl8jRaAqM,Why it&#39;s so hard to talk about the N-word | Elizabeth Stordeur Pryor,2020-04-16,78849,2114,630,0 days 00:19:22
pnKhVpgcmFc,&quot;Wild Women&quot; | Sunni Patterson,2018-09-21,66166,2457,398,0 days 00:04:37
wMt0K-AbpCU,The power of women&#39;s anger | Soraya Chemaly,2019-02-28,159885,5276,302,0 days 00:11:44
lwcvhh4pLjE,A queer vision of love and marriage | Tiq Milan and Kim Katrin Milan,2017-01-04,210789,4813,790,0 days 00:17:08
cmlRinjYKfM,Liza Donnelly: Drawing upon humor for change,2011-01-27,89654,521,124,0 days 00:09:53
x95nwilkaio,A little-told tale of sex and sensuality | Shereen El Feki,2014-01-22,304748,2522,251,0 days 00:16:11
IL2lb9fmIV8,The deadly legacy of cluster bombs | Laura Boushnak,2016-09-15,84443,1013,156,0 days 00:11:37
MEHU2gp1wtg,Intimate photos of a senior love triangle | Isadora Kosofsky,2018-10-19,72422,1294,199,0 days 00:05:22
bUytVW_0C2Q,Candis Watts Smith: 3 myths about racism that keep the US from progress | TED,2021-08-13,,,,0 days 00:10:26
lh4d1fjzfNA,Is it really that bad to marry my cousin? | Am I Normal? with Mona Chalabi,2021-11-30,67745,1650,461,0 days 00:03:05
hokUdXYRe2Q,The real reason female entrepreneurs get less funding | Dana Kanze,2019-01-17,104892,2891,248,0 days 00:14:49
yue6t5UmP4o,Inside the fight against Russia&#39;s fake news empire | Olga Yurkova,2018-06-29,79124,2394,594,0 days 00:05:17
k12j-E1LsUU,3 ways to be a better ally in the workplace | Melinda Epler,2018-10-25,148870,1856,309,0 days 00:09:38
AhUhpfKeLus,This is what democracy looks like | Anthony D. Romero,2017-05-24,92096,2000,225,0 days 00:12:49
BzeTjn0R2VY,What we can do about the culture of hate | Sally Kohn,2018-04-11,131886,3537,596,0 days 00:17:47
ZlSzEw0vmQ0,Lizzo: The Black history of twerking -- and how it taught me self-love | TED,2021-09-30,202426,6269,2370,0 days 00:13:51
Bb7kz1THJPU,"Go ahead, dream about the future | Charlie Jane Anders",2020-04-20,85560,2411,470,0 days 00:11:56
kvdHqS3ryw0,How to get serious about diversity and inclusion in the workplace | Janet Stovall,2018-09-13,267958,3928,1040,0 days 00:11:05
XiDAztWWAuM,A highly scientific taxonomy of haters | Negin Farsad,2016-07-05,155987,3262,1349,0 days 00:08:06
C6yUKhotEf0,Why better sleep means a better sex life | Sleeping With Science,2021-11-10,173369,3667,85,0 days 00:02:13
W59CV66z9lQ,Sarah Kurnick: &quot;Aliens built the pyramids&quot; and other absurdities of pseudo-archaeology | TED,2021-03-18,276070,7398,4751,0 days 00:12:08
_ZW-8-NCKMw,Your smartphone is a civil rights issue | Christopher Soghoian,2016-11-23,164854,2226,632,0 days 00:07:45
R9XKRR7aKHI,The story we tell about millennials -- and who we leave out | Reniqua Allen,2019-07-29,85232,1408,389,0 days 00:11:29
Ie9cACQnqew,Why you should be a climate activist | Luisa Neubauer,2019-10-04,80966,2940,1163,0 days 00:17:44
vw5HJhIlJp4,"Gayle Tzemach Lemmon: Women entrepreneurs, example not exception",2012-01-27,78354,819,271,0 days 00:13:17
g7F9XCdeOtw,Why black girls are targeted for punishment at school -- and how to change that | Monique W. Morris,2019-02-05,86311,2548,310,0 days 00:12:46
